database/pesma (1).wav,classical
database/pesma (2).wav,classical
database/pesma (3).wav,classical
database/pesma (4).wav,classical
database/pesma (5).wav,classical
database/pesma (6).wav,classical
database/pesma (7).wav,classical
database/pesma (8).wav,classical
database/pesma (9).wav,classical
database/pesma (10).wav,classical
database/pesma (11).wav,classical
database/pesma (12).wav,classical
database/pesma (13).wav,classical
database/pesma (14).wav,classical
database/pesma (15).wav,classical
database/pesma (16).wav,classical
database/pesma (17).wav,classical
database/pesma (18).wav,classical
database/pesma (19).wav,classical
database/pesma (20).wav,classical
database/pesma (21).wav,classical
database/pesma (22).wav,classical
database/pesma (23).wav,classical
database/pesma (24).wav,classical
database/pesma (25).wav,classical
database/pesma (26).wav,classical
database/pesma (27).wav,classical
database/pesma (28).wav,classical
database/pesma (29).wav,classical
database/pesma (30).wav,classical
database/pesma (31).wav,classical
database/pesma (32).wav,classical
database/pesma (33).wav,classical
database/pesma (34).wav,classical
database/pesma (35).wav,classical
database/pesma (36).wav,classical
database/pesma (37).wav,classical
database/pesma (38).wav,classical
database/pesma (39).wav,classical
database/pesma (40).wav,classical
database/pesma (41).wav,classical
database/pesma (42).wav,classical
database/pesma (43).wav,classical
database/pesma (44).wav,classical
database/pesma (45).wav,classical
database/pesma (46).wav,classical
database/pesma (47).wav,classical
database/pesma (48).wav,classical
database/pesma (49).wav,classical
database/pesma (50).wav,classical
database/pesma (51).wav,classical
database/pesma (52).wav,classical
database/pesma (53).wav,classical
database/pesma (54).wav,classical
database/pesma (55).wav,classical
database/pesma (56).wav,classical
database/pesma (57).wav,classical
database/pesma (58).wav,classical
database/pesma (59).wav,classical
database/pesma (60).wav,classical
database/pesma (61).wav,classical
database/pesma (62).wav,classical
database/pesma (63).wav,classical
database/pesma (64).wav,classical
database/pesma (65).wav,classical
database/pesma (66).wav,classical
database/pesma (67).wav,classical
database/pesma (68).wav,classical
database/pesma (69).wav,classical
database/pesma (70).wav,classical
database/pesma (71).wav,classical
database/pesma (72).wav,classical
database/pesma (73).wav,classical
database/pesma (74).wav,classical
database/pesma (75).wav,classical
database/pesma (76).wav,classical
database/pesma (77).wav,classical
database/pesma (78).wav,classical
database/pesma (79).wav,classical
database/pesma (80).wav,classical
database/pesma (81).wav,classical
database/pesma (82).wav,classical
database/pesma (83).wav,classical
database/pesma (84).wav,classical
database/pesma (85).wav,classical
database/pesma (86).wav,classical
database/pesma (87).wav,classical
database/pesma (88).wav,classical
database/pesma (89).wav,classical
database/pesma (90).wav,classical
database/pesma (91).wav,classical
database/pesma (92).wav,classical
database/pesma (93).wav,classical
database/pesma (94).wav,classical
database/pesma (95).wav,classical
database/pesma (96).wav,classical
database/pesma (97).wav,classical
database/pesma (98).wav,classical
database/pesma (99).wav,classical
database/pesma (100).wav,classical
database/pesma (101).wav,classical
database/pesma (102).wav,classical
database/pesma (103).wav,classical
database/pesma (104).wav,classical
database/pesma (105).wav,classical
database/pesma (106).wav,classical
database/pesma (107).wav,classical
database/pesma (108).wav,classical
database/pesma (109).wav,classical
database/pesma (110).wav,classical
database/pesma (111).wav,classical
database/pesma (112).wav,classical
database/pesma (113).wav,classical
database/pesma (114).wav,classical
database/pesma (115).wav,classical
database/pesma (116).wav,classical
database/pesma (117).wav,classical
database/pesma (118).wav,classical
database/pesma (119).wav,classical
database/pesma (120).wav,classical
database/pesma (121).wav,classical
database/pesma (122).wav,classical
database/pesma (123).wav,classical
database/pesma (124).wav,classical
database/pesma (125).wav,classical
database/pesma (126).wav,classical
database/pesma (127).wav,classical
database/pesma (128).wav,classical
database/pesma (129).wav,classical
database/pesma (130).wav,classical
database/pesma (131).wav,classical
database/pesma (132).wav,classical
database/pesma (133).wav,classical
database/pesma (134).wav,classical
database/pesma (135).wav,classical
database/pesma (136).wav,classical
database/pesma (137).wav,classical
database/pesma (138).wav,classical
database/pesma (139).wav,classical
database/pesma (140).wav,classical
database/pesma (141).wav,classical
database/pesma (142).wav,classical
database/pesma (143).wav,classical
database/pesma (144).wav,classical
database/pesma (145).wav,classical
database/pesma (146).wav,classical
database/pesma (147).wav,classical
database/pesma (148).wav,classical
database/pesma (149).wav,classical
database/pesma (150).wav,classical
database/pesma (151).wav,classical
database/pesma (152).wav,classical
database/pesma (153).wav,classical
database/pesma (154).wav,classical
database/pesma (155).wav,classical
database/pesma (156).wav,classical
database/pesma (157).wav,classical
database/pesma (158).wav,classical
database/pesma (159).wav,classical
database/pesma (160).wav,classical
database/pesma (161).wav,classical
database/pesma (162).wav,classical
database/pesma (163).wav,classical
database/pesma (164).wav,classical
database/pesma (165).wav,classical
database/pesma (166).wav,classical
database/pesma (167).wav,classical
database/pesma (168).wav,classical
database/pesma (169).wav,classical
database/pesma (170).wav,classical
database/pesma (171).wav,classical
database/pesma (172).wav,classical
database/pesma (173).wav,classical
database/pesma (174).wav,classical
database/pesma (175).wav,classical
database/pesma (176).wav,classical
database/pesma (177).wav,classical
database/pesma (178).wav,classical
database/pesma (179).wav,classical
database/pesma (180).wav,classical
database/pesma (181).wav,classical
database/pesma (182).wav,classical
database/pesma (183).wav,classical
database/pesma (184).wav,classical
database/pesma (185).wav,classical
database/pesma (186).wav,classical
database/pesma (187).wav,classical
database/pesma (188).wav,classical
database/pesma (189).wav,classical
database/pesma (190).wav,classical
database/pesma (191).wav,classical
database/pesma (192).wav,classical
database/pesma (193).wav,classical
database/pesma (194).wav,classical
database/pesma (195).wav,classical
database/pesma (196).wav,classical
database/pesma (197).wav,classical
database/pesma (198).wav,classical
database/pesma (199).wav,classical
database/pesma (200).wav,classical
database/pesma (201).wav,classical
database/pesma (202).wav,classical
database/pesma (203).wav,classical
database/pesma (204).wav,classical
database/pesma (205).wav,classical
database/pesma (206).wav,classical
database/pesma (207).wav,classical
database/pesma (208).wav,classical
database/pesma (209).wav,classical
database/pesma (210).wav,classical
database/pesma (211).wav,classical
database/pesma (212).wav,classical
database/pesma (213).wav,classical
database/pesma (214).wav,classical
database/pesma (215).wav,classical
database/pesma (216).wav,classical
database/pesma (217).wav,classical
database/pesma (218).wav,classical
database/pesma (219).wav,classical
database/pesma (220).wav,classical
database/pesma (221).wav,classical
database/pesma (222).wav,classical
database/pesma (223).wav,classical
database/pesma (224).wav,classical
database/pesma (225).wav,classical
database/pesma (226).wav,classical
database/pesma (227).wav,classical
database/pesma (228).wav,classical
database/pesma (229).wav,classical
database/pesma (230).wav,classical
database/pesma (231).wav,classical
database/pesma (232).wav,classical
database/pesma (233).wav,classical
database/pesma (234).wav,classical
database/pesma (235).wav,classical
database/pesma (236).wav,classical
database/pesma (237).wav,classical
database/pesma (238).wav,classical
database/pesma (239).wav,classical
database/pesma (240).wav,classical
database/pesma (241).wav,classical
database/pesma (242).wav,classical
database/pesma (243).wav,classical
database/pesma (244).wav,classical
database/pesma (245).wav,classical
database/pesma (246).wav,classical
database/pesma (247).wav,classical
database/pesma (248).wav,classical
database/pesma (249).wav,classical
database/pesma (250).wav,classical
database/pesma (251).wav,classical
database/pesma (252).wav,classical
database/pesma (253).wav,classical
database/pesma (254).wav,classical
database/pesma (255).wav,classical
database/pesma (256).wav,classical
database/pesma (257).wav,classical
database/pesma (258).wav,classical
database/pesma (259).wav,classical
database/pesma (260).wav,classical
database/pesma (261).wav,classical
database/pesma (262).wav,classical
database/pesma (263).wav,classical
database/pesma (264).wav,classical
database/pesma (265).wav,classical
database/pesma (266).wav,classical
database/pesma (267).wav,classical
database/pesma (268).wav,classical
database/pesma (269).wav,classical
database/pesma (270).wav,classical
database/pesma (271).wav,classical
database/pesma (272).wav,classical
database/pesma (273).wav,classical
database/pesma (274).wav,classical
database/pesma (275).wav,classical
database/pesma (276).wav,classical
database/pesma (277).wav,classical
database/pesma (278).wav,classical
database/pesma (279).wav,classical
database/pesma (280).wav,classical
database/pesma (281).wav,classical
database/pesma (282).wav,classical
database/pesma (283).wav,classical
database/pesma (284).wav,classical
database/pesma (285).wav,classical
database/pesma (286).wav,classical
database/pesma (287).wav,classical
database/pesma (288).wav,classical
database/pesma (289).wav,classical
database/pesma (290).wav,classical
database/pesma (291).wav,classical
database/pesma (292).wav,classical
database/pesma (293).wav,classical
database/pesma (294).wav,classical
database/pesma (295).wav,classical
database/pesma (296).wav,classical
database/pesma (297).wav,classical
database/pesma (298).wav,classical
database/pesma (299).wav,classical
database/pesma (300).wav,classical
database/pesma (301).wav,folk
database/pesma (302).wav,folk
database/pesma (303).wav,folk
database/pesma (304).wav,folk
database/pesma (305).wav,folk
database/pesma (306).wav,folk
database/pesma (307).wav,folk
database/pesma (308).wav,folk
database/pesma (309).wav,folk
database/pesma (310).wav,folk
database/pesma (311).wav,folk
database/pesma (312).wav,folk
database/pesma (313).wav,folk
database/pesma (314).wav,folk
database/pesma (315).wav,folk
database/pesma (316).wav,folk
database/pesma (317).wav,folk
database/pesma (318).wav,folk
database/pesma (319).wav,folk
database/pesma (320).wav,folk
database/pesma (321).wav,folk
database/pesma (322).wav,folk
database/pesma (323).wav,folk
database/pesma (324).wav,folk
database/pesma (325).wav,folk
database/pesma (326).wav,folk
database/pesma (327).wav,folk
database/pesma (328).wav,folk
database/pesma (329).wav,folk
database/pesma (330).wav,folk
database/pesma (331).wav,folk
database/pesma (332).wav,folk
database/pesma (333).wav,folk
database/pesma (334).wav,folk
database/pesma (335).wav,folk
database/pesma (336).wav,folk
database/pesma (337).wav,folk
database/pesma (338).wav,folk
database/pesma (339).wav,folk
database/pesma (340).wav,folk
database/pesma (341).wav,folk
database/pesma (342).wav,folk
database/pesma (343).wav,folk
database/pesma (344).wav,folk
database/pesma (345).wav,folk
database/pesma (346).wav,folk
database/pesma (347).wav,folk
database/pesma (348).wav,folk
database/pesma (349).wav,folk
database/pesma (350).wav,folk
database/pesma (351).wav,folk
database/pesma (352).wav,folk
database/pesma (353).wav,folk
database/pesma (354).wav,folk
database/pesma (355).wav,folk
database/pesma (356).wav,folk
database/pesma (357).wav,folk
database/pesma (358).wav,folk
database/pesma (359).wav,folk
database/pesma (360).wav,folk
database/pesma (361).wav,folk
database/pesma (362).wav,folk
database/pesma (363).wav,folk
database/pesma (364).wav,folk
database/pesma (365).wav,folk
database/pesma (366).wav,folk
database/pesma (367).wav,folk
database/pesma (368).wav,folk
database/pesma (369).wav,folk
database/pesma (370).wav,folk
database/pesma (371).wav,folk
database/pesma (372).wav,folk
database/pesma (373).wav,folk
database/pesma (374).wav,folk
database/pesma (375).wav,folk
database/pesma (376).wav,folk
database/pesma (377).wav,folk
database/pesma (378).wav,folk
database/pesma (379).wav,folk
database/pesma (380).wav,folk
database/pesma (381).wav,folk
database/pesma (382).wav,folk
database/pesma (383).wav,folk
database/pesma (384).wav,folk
database/pesma (385).wav,folk
database/pesma (386).wav,folk
database/pesma (387).wav,folk
database/pesma (388).wav,folk
database/pesma (389).wav,folk
database/pesma (390).wav,folk
database/pesma (391).wav,folk
database/pesma (392).wav,folk
database/pesma (393).wav,folk
database/pesma (394).wav,folk
database/pesma (395).wav,folk
database/pesma (396).wav,folk
database/pesma (397).wav,folk
database/pesma (398).wav,folk
database/pesma (399).wav,folk
database/pesma (400).wav,folk
database/pesma (401).wav,folk
database/pesma (402).wav,folk
database/pesma (403).wav,folk
database/pesma (404).wav,folk
database/pesma (405).wav,folk
database/pesma (406).wav,folk
database/pesma (407).wav,folk
database/pesma (408).wav,folk
database/pesma (409).wav,folk
database/pesma (410).wav,folk
database/pesma (411).wav,folk
database/pesma (412).wav,folk
database/pesma (413).wav,folk
database/pesma (414).wav,folk
database/pesma (415).wav,folk
database/pesma (416).wav,folk
database/pesma (417).wav,folk
database/pesma (418).wav,folk
database/pesma (419).wav,folk
database/pesma (420).wav,folk
database/pesma (421).wav,folk
database/pesma (422).wav,folk
database/pesma (423).wav,folk
database/pesma (424).wav,folk
database/pesma (425).wav,folk
database/pesma (426).wav,folk
database/pesma (427).wav,folk
database/pesma (428).wav,folk
database/pesma (429).wav,folk
database/pesma (430).wav,folk
database/pesma (431).wav,folk
database/pesma (432).wav,folk
database/pesma (433).wav,folk
database/pesma (434).wav,folk
database/pesma (435).wav,folk
database/pesma (436).wav,folk
database/pesma (437).wav,folk
database/pesma (438).wav,folk
database/pesma (439).wav,folk
database/pesma (440).wav,folk
database/pesma (441).wav,folk
database/pesma (442).wav,folk
database/pesma (443).wav,folk
database/pesma (444).wav,folk
database/pesma (445).wav,folk
database/pesma (446).wav,folk
database/pesma (447).wav,folk
database/pesma (448).wav,folk
database/pesma (449).wav,folk
database/pesma (450).wav,folk
database/pesma (451).wav,folk
database/pesma (452).wav,folk
database/pesma (453).wav,folk
database/pesma (454).wav,folk
database/pesma (455).wav,folk
database/pesma (456).wav,folk
database/pesma (457).wav,folk
database/pesma (458).wav,folk
database/pesma (459).wav,folk
database/pesma (460).wav,folk
database/pesma (461).wav,folk
database/pesma (462).wav,folk
database/pesma (463).wav,folk
database/pesma (464).wav,folk
database/pesma (465).wav,folk
database/pesma (466).wav,folk
database/pesma (467).wav,folk
database/pesma (468).wav,folk
database/pesma (469).wav,folk
database/pesma (470).wav,folk
database/pesma (471).wav,folk
database/pesma (472).wav,folk
database/pesma (473).wav,folk
database/pesma (474).wav,folk
database/pesma (475).wav,folk
database/pesma (476).wav,folk
database/pesma (477).wav,folk
database/pesma (478).wav,folk
database/pesma (479).wav,folk
database/pesma (480).wav,folk
database/pesma (481).wav,folk
database/pesma (482).wav,folk
database/pesma (483).wav,folk
database/pesma (484).wav,folk
database/pesma (485).wav,folk
database/pesma (486).wav,folk
database/pesma (487).wav,folk
database/pesma (488).wav,folk
database/pesma (489).wav,folk
database/pesma (490).wav,folk
database/pesma (491).wav,folk
database/pesma (492).wav,folk
database/pesma (493).wav,folk
database/pesma (494).wav,folk
database/pesma (495).wav,folk
database/pesma (496).wav,folk
database/pesma (497).wav,folk
database/pesma (498).wav,folk
database/pesma (499).wav,folk
database/pesma (500).wav,folk
database/pesma (501).wav,folk
database/pesma (502).wav,folk
database/pesma (503).wav,folk
database/pesma (504).wav,folk
database/pesma (505).wav,folk
database/pesma (506).wav,folk
database/pesma (507).wav,folk
database/pesma (508).wav,folk
database/pesma (509).wav,folk
database/pesma (510).wav,folk
database/pesma (511).wav,folk
database/pesma (512).wav,folk
database/pesma (513).wav,folk
database/pesma (514).wav,folk
database/pesma (515).wav,folk
database/pesma (516).wav,folk
database/pesma (517).wav,folk
database/pesma (518).wav,folk
database/pesma (519).wav,folk
database/pesma (520).wav,folk
database/pesma (521).wav,folk
database/pesma (522).wav,folk
database/pesma (523).wav,folk
database/pesma (524).wav,folk
database/pesma (525).wav,folk
database/pesma (526).wav,folk
database/pesma (527).wav,folk
database/pesma (528).wav,folk
database/pesma (529).wav,folk
database/pesma (530).wav,folk
database/pesma (531).wav,folk
database/pesma (532).wav,folk
database/pesma (533).wav,folk
database/pesma (534).wav,folk
database/pesma (535).wav,folk
database/pesma (536).wav,folk
database/pesma (537).wav,folk
database/pesma (538).wav,folk
database/pesma (539).wav,folk
database/pesma (540).wav,folk
database/pesma (541).wav,folk
database/pesma (542).wav,folk
database/pesma (543).wav,folk
database/pesma (544).wav,folk
database/pesma (545).wav,folk
database/pesma (546).wav,folk
database/pesma (547).wav,folk
database/pesma (548).wav,folk
database/pesma (549).wav,folk
database/pesma (550).wav,folk
database/pesma (551).wav,folk
database/pesma (552).wav,folk
database/pesma (553).wav,folk
database/pesma (554).wav,folk
database/pesma (555).wav,folk
database/pesma (556).wav,folk
database/pesma (557).wav,folk
database/pesma (558).wav,folk
database/pesma (559).wav,folk
database/pesma (560).wav,folk
database/pesma (561).wav,folk
database/pesma (562).wav,folk
database/pesma (563).wav,folk
database/pesma (564).wav,folk
database/pesma (565).wav,folk
database/pesma (566).wav,folk
database/pesma (567).wav,folk
database/pesma (568).wav,folk
database/pesma (569).wav,folk
database/pesma (570).wav,folk
database/pesma (571).wav,folk
database/pesma (572).wav,folk
database/pesma (573).wav,folk
database/pesma (574).wav,folk
database/pesma (575).wav,folk
database/pesma (576).wav,folk
database/pesma (577).wav,folk
database/pesma (578).wav,folk
database/pesma (579).wav,folk
database/pesma (580).wav,folk
database/pesma (581).wav,folk
database/pesma (582).wav,folk
database/pesma (583).wav,folk
database/pesma (584).wav,folk
database/pesma (585).wav,folk
database/pesma (586).wav,folk
database/pesma (587).wav,folk
database/pesma (588).wav,folk
database/pesma (589).wav,folk
database/pesma (590).wav,folk
database/pesma (591).wav,folk
database/pesma (592).wav,folk
database/pesma (593).wav,folk
database/pesma (594).wav,folk
database/pesma (595).wav,folk
database/pesma (596).wav,folk
database/pesma (597).wav,folk
database/pesma (598).wav,folk
database/pesma (599).wav,folk
database/pesma (600).wav,folk
database/pesma (601).wav,house
database/pesma (602).wav,house
database/pesma (603).wav,house
database/pesma (604).wav,house
database/pesma (605).wav,house
database/pesma (606).wav,house
database/pesma (607).wav,house
database/pesma (608).wav,house
database/pesma (609).wav,house
database/pesma (610).wav,house
database/pesma (611).wav,house
database/pesma (612).wav,house
database/pesma (613).wav,house
database/pesma (614).wav,house
database/pesma (615).wav,house
database/pesma (616).wav,house
database/pesma (617).wav,house
database/pesma (618).wav,house
database/pesma (619).wav,house
database/pesma (620).wav,house
database/pesma (621).wav,house
database/pesma (622).wav,house
database/pesma (623).wav,house
database/pesma (624).wav,house
database/pesma (625).wav,house
database/pesma (626).wav,house
database/pesma (627).wav,house
database/pesma (628).wav,house
database/pesma (629).wav,house
database/pesma (630).wav,house
database/pesma (631).wav,house
database/pesma (632).wav,house
database/pesma (633).wav,house
database/pesma (634).wav,house
database/pesma (635).wav,house
database/pesma (636).wav,house
database/pesma (637).wav,house
database/pesma (638).wav,house
database/pesma (639).wav,house
database/pesma (640).wav,house
database/pesma (641).wav,house
database/pesma (642).wav,house
database/pesma (643).wav,house
database/pesma (644).wav,house
database/pesma (645).wav,house
database/pesma (646).wav,house
database/pesma (647).wav,house
database/pesma (648).wav,house
database/pesma (649).wav,house
database/pesma (650).wav,house
database/pesma (651).wav,house
database/pesma (652).wav,house
database/pesma (653).wav,house
database/pesma (654).wav,house
database/pesma (655).wav,house
database/pesma (656).wav,house
database/pesma (657).wav,house
database/pesma (658).wav,house
database/pesma (659).wav,house
database/pesma (660).wav,house
database/pesma (661).wav,house
database/pesma (662).wav,house
database/pesma (663).wav,house
database/pesma (664).wav,house
database/pesma (665).wav,house
database/pesma (666).wav,house
database/pesma (667).wav,house
database/pesma (668).wav,house
database/pesma (669).wav,house
database/pesma (670).wav,house
database/pesma (671).wav,house
database/pesma (672).wav,house
database/pesma (673).wav,house
database/pesma (674).wav,house
database/pesma (675).wav,house
database/pesma (676).wav,house
database/pesma (677).wav,house
database/pesma (678).wav,house
database/pesma (679).wav,house
database/pesma (680).wav,house
database/pesma (681).wav,house
database/pesma (682).wav,house
database/pesma (683).wav,house
database/pesma (684).wav,house
database/pesma (685).wav,house
database/pesma (686).wav,house
database/pesma (687).wav,house
database/pesma (688).wav,house
database/pesma (689).wav,house
database/pesma (690).wav,house
database/pesma (691).wav,house
database/pesma (692).wav,house
database/pesma (693).wav,house
database/pesma (694).wav,house
database/pesma (695).wav,house
database/pesma (696).wav,house
database/pesma (697).wav,house
database/pesma (698).wav,house
database/pesma (699).wav,house
database/pesma (700).wav,house
database/pesma (701).wav,house
database/pesma (702).wav,house
database/pesma (703).wav,house
database/pesma (704).wav,house
database/pesma (705).wav,house
database/pesma (706).wav,house
database/pesma (707).wav,house
database/pesma (708).wav,house
database/pesma (709).wav,house
database/pesma (710).wav,house
database/pesma (711).wav,house
database/pesma (712).wav,house
database/pesma (713).wav,house
database/pesma (714).wav,house
database/pesma (715).wav,house
database/pesma (716).wav,house
database/pesma (717).wav,house
database/pesma (718).wav,house
database/pesma (719).wav,house
database/pesma (720).wav,house
database/pesma (721).wav,house
database/pesma (722).wav,house
database/pesma (723).wav,house
database/pesma (724).wav,house
database/pesma (725).wav,house
database/pesma (726).wav,house
database/pesma (727).wav,house
database/pesma (728).wav,house
database/pesma (729).wav,house
database/pesma (730).wav,house
database/pesma (731).wav,house
database/pesma (732).wav,house
database/pesma (733).wav,house
database/pesma (734).wav,house
database/pesma (735).wav,house
database/pesma (736).wav,house
database/pesma (737).wav,house
database/pesma (738).wav,house
database/pesma (739).wav,house
database/pesma (740).wav,house
database/pesma (741).wav,house
database/pesma (742).wav,house
database/pesma (743).wav,house
database/pesma (744).wav,house
database/pesma (745).wav,house
database/pesma (746).wav,house
database/pesma (747).wav,house
database/pesma (748).wav,house
database/pesma (749).wav,house
database/pesma (750).wav,house
database/pesma (751).wav,house
database/pesma (752).wav,house
database/pesma (753).wav,house
database/pesma (754).wav,house
database/pesma (755).wav,house
database/pesma (756).wav,house
database/pesma (757).wav,house
database/pesma (758).wav,house
database/pesma (759).wav,house
database/pesma (760).wav,house
database/pesma (761).wav,house
database/pesma (762).wav,house
database/pesma (763).wav,house
database/pesma (764).wav,house
database/pesma (765).wav,house
database/pesma (766).wav,house
database/pesma (767).wav,house
database/pesma (768).wav,house
database/pesma (769).wav,house
database/pesma (770).wav,house
database/pesma (771).wav,house
database/pesma (772).wav,house
database/pesma (773).wav,house
database/pesma (774).wav,house
database/pesma (775).wav,house
database/pesma (776).wav,house
database/pesma (777).wav,house
database/pesma (778).wav,house
database/pesma (779).wav,house
database/pesma (780).wav,house
database/pesma (781).wav,house
database/pesma (782).wav,house
database/pesma (783).wav,house
database/pesma (784).wav,house
database/pesma (785).wav,house
database/pesma (786).wav,house
database/pesma (787).wav,house
database/pesma (788).wav,house
database/pesma (789).wav,house
database/pesma (790).wav,house
database/pesma (791).wav,house
database/pesma (792).wav,house
database/pesma (793).wav,house
database/pesma (794).wav,house
database/pesma (795).wav,house
database/pesma (796).wav,house
database/pesma (797).wav,house
database/pesma (798).wav,house
database/pesma (799).wav,house
database/pesma (800).wav,house
database/pesma (801).wav,house
database/pesma (802).wav,house
database/pesma (803).wav,house
database/pesma (804).wav,house
database/pesma (805).wav,house
database/pesma (806).wav,house
database/pesma (807).wav,house
database/pesma (808).wav,house
database/pesma (809).wav,house
database/pesma (810).wav,house
database/pesma (811).wav,house
database/pesma (812).wav,house
database/pesma (813).wav,house
database/pesma (814).wav,house
database/pesma (815).wav,house
database/pesma (816).wav,house
database/pesma (817).wav,house
database/pesma (818).wav,house
database/pesma (819).wav,house
database/pesma (820).wav,house
database/pesma (821).wav,house
database/pesma (822).wav,house
database/pesma (823).wav,house
database/pesma (824).wav,house
database/pesma (825).wav,house
database/pesma (826).wav,house
database/pesma (827).wav,house
database/pesma (828).wav,house
database/pesma (829).wav,house
database/pesma (830).wav,house
database/pesma (831).wav,house
database/pesma (832).wav,house
database/pesma (833).wav,house
database/pesma (834).wav,house
database/pesma (835).wav,house
database/pesma (836).wav,house
database/pesma (837).wav,house
database/pesma (838).wav,house
database/pesma (839).wav,house
database/pesma (840).wav,house
database/pesma (841).wav,house
database/pesma (842).wav,house
database/pesma (843).wav,house
database/pesma (844).wav,house
database/pesma (845).wav,house
database/pesma (846).wav,house
database/pesma (847).wav,house
database/pesma (848).wav,house
database/pesma (849).wav,house
database/pesma (850).wav,house
database/pesma (851).wav,house
database/pesma (852).wav,house
database/pesma (853).wav,house
database/pesma (854).wav,house
database/pesma (855).wav,house
database/pesma (856).wav,house
database/pesma (857).wav,house
database/pesma (858).wav,house
database/pesma (859).wav,house
database/pesma (860).wav,house
database/pesma (861).wav,house
database/pesma (862).wav,house
database/pesma (863).wav,house
database/pesma (864).wav,house
database/pesma (865).wav,house
database/pesma (866).wav,house
database/pesma (867).wav,house
database/pesma (868).wav,house
database/pesma (869).wav,house
database/pesma (870).wav,house
database/pesma (871).wav,house
database/pesma (872).wav,house
database/pesma (873).wav,house
database/pesma (874).wav,house
database/pesma (875).wav,house
database/pesma (876).wav,house
database/pesma (877).wav,house
database/pesma (878).wav,house
database/pesma (879).wav,house
database/pesma (880).wav,house
database/pesma (881).wav,house
database/pesma (882).wav,house
database/pesma (883).wav,house
database/pesma (884).wav,house
database/pesma (885).wav,house
database/pesma (886).wav,house
database/pesma (887).wav,house
database/pesma (888).wav,house
database/pesma (889).wav,house
database/pesma (890).wav,house
database/pesma (891).wav,house
database/pesma (892).wav,house
database/pesma (893).wav,house
database/pesma (894).wav,house
database/pesma (895).wav,house
database/pesma (896).wav,house
database/pesma (897).wav,house
database/pesma (898).wav,house
database/pesma (899).wav,house
database/pesma (900).wav,house
database/pesma (901).wav,jazz
database/pesma (902).wav,jazz
database/pesma (903).wav,jazz
database/pesma (904).wav,jazz
database/pesma (905).wav,jazz
database/pesma (906).wav,jazz
database/pesma (907).wav,jazz
database/pesma (908).wav,jazz
database/pesma (909).wav,jazz
database/pesma (910).wav,jazz
database/pesma (911).wav,jazz
database/pesma (912).wav,jazz
database/pesma (913).wav,jazz
database/pesma (914).wav,jazz
database/pesma (915).wav,jazz
database/pesma (916).wav,jazz
database/pesma (917).wav,jazz
database/pesma (918).wav,jazz
database/pesma (919).wav,jazz
database/pesma (920).wav,jazz
database/pesma (921).wav,jazz
database/pesma (922).wav,jazz
database/pesma (923).wav,jazz
database/pesma (924).wav,jazz
database/pesma (925).wav,jazz
database/pesma (926).wav,jazz
database/pesma (927).wav,jazz
database/pesma (928).wav,jazz
database/pesma (929).wav,jazz
database/pesma (930).wav,jazz
database/pesma (931).wav,jazz
database/pesma (932).wav,jazz
database/pesma (933).wav,jazz
database/pesma (934).wav,jazz
database/pesma (935).wav,jazz
database/pesma (936).wav,jazz
database/pesma (937).wav,jazz
database/pesma (938).wav,jazz
database/pesma (939).wav,jazz
database/pesma (940).wav,jazz
database/pesma (941).wav,jazz
database/pesma (942).wav,jazz
database/pesma (943).wav,jazz
database/pesma (944).wav,jazz
database/pesma (945).wav,jazz
database/pesma (946).wav,jazz
database/pesma (947).wav,jazz
database/pesma (948).wav,jazz
database/pesma (949).wav,jazz
database/pesma (950).wav,jazz
database/pesma (951).wav,jazz
database/pesma (952).wav,jazz
database/pesma (953).wav,jazz
database/pesma (954).wav,jazz
database/pesma (955).wav,jazz
database/pesma (956).wav,jazz
database/pesma (957).wav,jazz
database/pesma (958).wav,jazz
database/pesma (959).wav,jazz
database/pesma (960).wav,jazz
database/pesma (961).wav,jazz
database/pesma (962).wav,jazz
database/pesma (963).wav,jazz
database/pesma (964).wav,jazz
database/pesma (965).wav,jazz
database/pesma (966).wav,jazz
database/pesma (967).wav,jazz
database/pesma (968).wav,jazz
database/pesma (969).wav,jazz
database/pesma (970).wav,jazz
database/pesma (971).wav,jazz
database/pesma (972).wav,jazz
database/pesma (973).wav,jazz
database/pesma (974).wav,jazz
database/pesma (975).wav,jazz
database/pesma (976).wav,jazz
database/pesma (977).wav,jazz
database/pesma (978).wav,jazz
database/pesma (979).wav,jazz
database/pesma (980).wav,jazz
database/pesma (981).wav,jazz
database/pesma (982).wav,jazz
database/pesma (983).wav,jazz
database/pesma (984).wav,jazz
database/pesma (985).wav,jazz
database/pesma (986).wav,jazz
database/pesma (987).wav,jazz
database/pesma (988).wav,jazz
database/pesma (989).wav,jazz
database/pesma (990).wav,jazz
database/pesma (991).wav,jazz
database/pesma (992).wav,jazz
database/pesma (993).wav,jazz
database/pesma (994).wav,jazz
database/pesma (995).wav,jazz
database/pesma (996).wav,jazz
database/pesma (997).wav,jazz
database/pesma (998).wav,jazz
database/pesma (999).wav,jazz
database/pesma (1000).wav,jazz
database/pesma (1001).wav,jazz
database/pesma (1002).wav,jazz
database/pesma (1003).wav,jazz
database/pesma (1004).wav,jazz
database/pesma (1005).wav,jazz
database/pesma (1006).wav,jazz
database/pesma (1007).wav,jazz
database/pesma (1008).wav,jazz
database/pesma (1009).wav,jazz
database/pesma (1010).wav,jazz
database/pesma (1011).wav,jazz
database/pesma (1012).wav,jazz
database/pesma (1013).wav,jazz
database/pesma (1014).wav,jazz
database/pesma (1015).wav,jazz
database/pesma (1016).wav,jazz
database/pesma (1017).wav,jazz
database/pesma (1018).wav,jazz
database/pesma (1019).wav,jazz
database/pesma (1020).wav,jazz
database/pesma (1021).wav,jazz
database/pesma (1022).wav,jazz
database/pesma (1023).wav,jazz
database/pesma (1024).wav,jazz
database/pesma (1025).wav,jazz
database/pesma (1026).wav,jazz
database/pesma (1027).wav,jazz
database/pesma (1028).wav,jazz
database/pesma (1029).wav,jazz
database/pesma (1030).wav,jazz
database/pesma (1031).wav,jazz
database/pesma (1032).wav,jazz
database/pesma (1033).wav,jazz
database/pesma (1034).wav,jazz
database/pesma (1035).wav,jazz
database/pesma (1036).wav,jazz
database/pesma (1037).wav,jazz
database/pesma (1038).wav,jazz
database/pesma (1039).wav,jazz
database/pesma (1040).wav,jazz
database/pesma (1041).wav,jazz
database/pesma (1042).wav,jazz
database/pesma (1043).wav,jazz
database/pesma (1044).wav,jazz
database/pesma (1045).wav,jazz
database/pesma (1046).wav,jazz
database/pesma (1047).wav,jazz
database/pesma (1048).wav,jazz
database/pesma (1049).wav,jazz
database/pesma (1050).wav,jazz
database/pesma (1051).wav,jazz
database/pesma (1052).wav,jazz
database/pesma (1053).wav,jazz
database/pesma (1054).wav,jazz
database/pesma (1055).wav,jazz
database/pesma (1056).wav,jazz
database/pesma (1057).wav,jazz
database/pesma (1058).wav,jazz
database/pesma (1059).wav,jazz
database/pesma (1060).wav,jazz
database/pesma (1061).wav,jazz
database/pesma (1062).wav,jazz
database/pesma (1063).wav,jazz
database/pesma (1064).wav,jazz
database/pesma (1065).wav,jazz
database/pesma (1066).wav,jazz
database/pesma (1067).wav,jazz
database/pesma (1068).wav,jazz
database/pesma (1069).wav,jazz
database/pesma (1070).wav,jazz
database/pesma (1071).wav,jazz
database/pesma (1072).wav,jazz
database/pesma (1073).wav,jazz
database/pesma (1074).wav,jazz
database/pesma (1075).wav,jazz
database/pesma (1076).wav,jazz
database/pesma (1077).wav,jazz
database/pesma (1078).wav,jazz
database/pesma (1079).wav,jazz
database/pesma (1080).wav,jazz
database/pesma (1081).wav,jazz
database/pesma (1082).wav,jazz
database/pesma (1083).wav,jazz
database/pesma (1084).wav,jazz
database/pesma (1085).wav,jazz
database/pesma (1086).wav,jazz
database/pesma (1087).wav,jazz
database/pesma (1088).wav,jazz
database/pesma (1089).wav,jazz
database/pesma (1090).wav,jazz
database/pesma (1091).wav,jazz
database/pesma (1092).wav,jazz
database/pesma (1093).wav,jazz
database/pesma (1094).wav,jazz
database/pesma (1095).wav,jazz
database/pesma (1096).wav,jazz
database/pesma (1097).wav,jazz
database/pesma (1098).wav,jazz
database/pesma (1099).wav,jazz
database/pesma (1100).wav,jazz
database/pesma (1101).wav,jazz
database/pesma (1102).wav,jazz
database/pesma (1103).wav,jazz
database/pesma (1104).wav,jazz
database/pesma (1105).wav,jazz
database/pesma (1106).wav,jazz
database/pesma (1107).wav,jazz
database/pesma (1108).wav,jazz
database/pesma (1109).wav,jazz
database/pesma (1110).wav,jazz
database/pesma (1111).wav,jazz
database/pesma (1112).wav,jazz
database/pesma (1113).wav,jazz
database/pesma (1114).wav,jazz
database/pesma (1115).wav,jazz
database/pesma (1116).wav,jazz
database/pesma (1117).wav,jazz
database/pesma (1118).wav,jazz
database/pesma (1119).wav,jazz
database/pesma (1120).wav,jazz
database/pesma (1121).wav,jazz
database/pesma (1122).wav,jazz
database/pesma (1123).wav,jazz
database/pesma (1124).wav,jazz
database/pesma (1125).wav,jazz
database/pesma (1126).wav,jazz
database/pesma (1127).wav,jazz
database/pesma (1128).wav,jazz
database/pesma (1129).wav,jazz
database/pesma (1130).wav,jazz
database/pesma (1131).wav,jazz
database/pesma (1132).wav,jazz
database/pesma (1133).wav,jazz
database/pesma (1134).wav,jazz
database/pesma (1135).wav,jazz
database/pesma (1136).wav,jazz
database/pesma (1137).wav,jazz
database/pesma (1138).wav,jazz
database/pesma (1139).wav,jazz
database/pesma (1140).wav,jazz
database/pesma (1141).wav,jazz
database/pesma (1142).wav,jazz
database/pesma (1143).wav,jazz
database/pesma (1144).wav,jazz
database/pesma (1145).wav,jazz
database/pesma (1146).wav,jazz
database/pesma (1147).wav,jazz
database/pesma (1148).wav,jazz
database/pesma (1149).wav,jazz
database/pesma (1150).wav,jazz
database/pesma (1151).wav,jazz
database/pesma (1152).wav,jazz
database/pesma (1153).wav,jazz
database/pesma (1154).wav,jazz
database/pesma (1155).wav,jazz
database/pesma (1156).wav,jazz
database/pesma (1157).wav,jazz
database/pesma (1158).wav,jazz
database/pesma (1159).wav,jazz
database/pesma (1160).wav,jazz
database/pesma (1161).wav,jazz
database/pesma (1162).wav,jazz
database/pesma (1163).wav,jazz
database/pesma (1164).wav,jazz
database/pesma (1165).wav,jazz
database/pesma (1166).wav,jazz
database/pesma (1167).wav,jazz
database/pesma (1168).wav,jazz
database/pesma (1169).wav,jazz
database/pesma (1170).wav,jazz
database/pesma (1171).wav,jazz
database/pesma (1172).wav,jazz
database/pesma (1173).wav,jazz
database/pesma (1174).wav,jazz
database/pesma (1175).wav,jazz
database/pesma (1176).wav,jazz
database/pesma (1177).wav,jazz
database/pesma (1178).wav,jazz
database/pesma (1179).wav,jazz
database/pesma (1180).wav,jazz
database/pesma (1181).wav,jazz
database/pesma (1182).wav,jazz
database/pesma (1183).wav,jazz
database/pesma (1184).wav,jazz
database/pesma (1185).wav,jazz
database/pesma (1186).wav,jazz
database/pesma (1187).wav,jazz
database/pesma (1188).wav,jazz
database/pesma (1189).wav,jazz
database/pesma (1190).wav,jazz
database/pesma (1191).wav,jazz
database/pesma (1192).wav,jazz
database/pesma (1193).wav,jazz
database/pesma (1194).wav,jazz
database/pesma (1195).wav,jazz
database/pesma (1196).wav,jazz
database/pesma (1197).wav,jazz
database/pesma (1198).wav,jazz
database/pesma (1199).wav,jazz
database/pesma (1200).wav,jazz
database/pesma (1201).wav,rnb
database/pesma (1202).wav,rnb
database/pesma (1203).wav,rnb
database/pesma (1204).wav,rnb
database/pesma (1205).wav,rnb
database/pesma (1206).wav,rnb
database/pesma (1207).wav,rnb
database/pesma (1208).wav,rnb
database/pesma (1209).wav,rnb
database/pesma (1210).wav,rnb
database/pesma (1211).wav,rnb
database/pesma (1212).wav,rnb
database/pesma (1213).wav,rnb
database/pesma (1214).wav,rnb
database/pesma (1215).wav,rnb
database/pesma (1216).wav,rnb
database/pesma (1217).wav,rnb
database/pesma (1218).wav,rnb
database/pesma (1219).wav,rnb
database/pesma (1220).wav,rnb
database/pesma (1221).wav,rnb
database/pesma (1222).wav,rnb
database/pesma (1223).wav,rnb
database/pesma (1224).wav,rnb
database/pesma (1225).wav,rnb
database/pesma (1226).wav,rnb
database/pesma (1227).wav,rnb
database/pesma (1228).wav,rnb
database/pesma (1229).wav,rnb
database/pesma (1230).wav,rnb
database/pesma (1231).wav,rnb
database/pesma (1232).wav,rnb
database/pesma (1233).wav,rnb
database/pesma (1234).wav,rnb
database/pesma (1235).wav,rnb
database/pesma (1236).wav,rnb
database/pesma (1237).wav,rnb
database/pesma (1238).wav,rnb
database/pesma (1239).wav,rnb
database/pesma (1240).wav,rnb
database/pesma (1241).wav,rnb
database/pesma (1242).wav,rnb
database/pesma (1243).wav,rnb
database/pesma (1244).wav,rnb
database/pesma (1245).wav,rnb
database/pesma (1246).wav,rnb
database/pesma (1247).wav,rnb
database/pesma (1248).wav,rnb
database/pesma (1249).wav,rnb
database/pesma (1250).wav,rnb
database/pesma (1251).wav,rnb
database/pesma (1252).wav,rnb
database/pesma (1253).wav,rnb
database/pesma (1254).wav,rnb
database/pesma (1255).wav,rnb
database/pesma (1256).wav,rnb
database/pesma (1257).wav,rnb
database/pesma (1258).wav,rnb
database/pesma (1259).wav,rnb
database/pesma (1260).wav,rnb
database/pesma (1261).wav,rnb
database/pesma (1262).wav,rnb
database/pesma (1263).wav,rnb
database/pesma (1264).wav,rnb
database/pesma (1265).wav,rnb
database/pesma (1266).wav,rnb
database/pesma (1267).wav,rnb
database/pesma (1268).wav,rnb
database/pesma (1269).wav,rnb
database/pesma (1270).wav,rnb
database/pesma (1271).wav,rnb
database/pesma (1272).wav,rnb
database/pesma (1273).wav,rnb
database/pesma (1274).wav,rnb
database/pesma (1275).wav,rnb
database/pesma (1276).wav,rnb
database/pesma (1277).wav,rnb
database/pesma (1278).wav,rnb
database/pesma (1279).wav,rnb
database/pesma (1280).wav,rnb
database/pesma (1281).wav,rnb
database/pesma (1282).wav,rnb
database/pesma (1283).wav,rnb
database/pesma (1284).wav,rnb
database/pesma (1285).wav,rnb
database/pesma (1286).wav,rnb
database/pesma (1287).wav,rnb
database/pesma (1288).wav,rnb
database/pesma (1289).wav,rnb
database/pesma (1290).wav,rnb
database/pesma (1291).wav,rnb
database/pesma (1292).wav,rnb
database/pesma (1293).wav,rnb
database/pesma (1294).wav,rnb
database/pesma (1295).wav,rnb
database/pesma (1296).wav,rnb
database/pesma (1297).wav,rnb
database/pesma (1298).wav,rnb
database/pesma (1299).wav,rnb
database/pesma (1300).wav,rnb
database/pesma (1301).wav,rnb
database/pesma (1302).wav,rnb
database/pesma (1303).wav,rnb
database/pesma (1304).wav,rnb
database/pesma (1305).wav,rnb
database/pesma (1306).wav,rnb
database/pesma (1307).wav,rnb
database/pesma (1308).wav,rnb
database/pesma (1309).wav,rnb
database/pesma (1310).wav,rnb
database/pesma (1311).wav,rnb
database/pesma (1312).wav,rnb
database/pesma (1313).wav,rnb
database/pesma (1314).wav,rnb
database/pesma (1315).wav,rnb
database/pesma (1316).wav,rnb
database/pesma (1317).wav,rnb
database/pesma (1318).wav,rnb
database/pesma (1319).wav,rnb
database/pesma (1320).wav,rnb
database/pesma (1321).wav,rnb
database/pesma (1322).wav,rnb
database/pesma (1323).wav,rnb
database/pesma (1324).wav,rnb
database/pesma (1325).wav,rnb
database/pesma (1326).wav,rnb
database/pesma (1327).wav,rnb
database/pesma (1328).wav,rnb
database/pesma (1329).wav,rnb
database/pesma (1330).wav,rnb
database/pesma (1331).wav,rnb
database/pesma (1332).wav,rnb
database/pesma (1333).wav,rnb
database/pesma (1334).wav,rnb
database/pesma (1335).wav,rnb
database/pesma (1336).wav,rnb
database/pesma (1337).wav,rnb
database/pesma (1338).wav,rnb
database/pesma (1339).wav,rnb
database/pesma (1340).wav,rnb
database/pesma (1341).wav,rnb
database/pesma (1342).wav,rnb
database/pesma (1343).wav,rnb
database/pesma (1344).wav,rnb
database/pesma (1345).wav,rnb
database/pesma (1346).wav,rnb
database/pesma (1347).wav,rnb
database/pesma (1348).wav,rnb
database/pesma (1349).wav,rnb
database/pesma (1350).wav,rnb
database/pesma (1351).wav,rnb
database/pesma (1352).wav,rnb
database/pesma (1353).wav,rnb
database/pesma (1354).wav,rnb
database/pesma (1355).wav,rnb
database/pesma (1356).wav,rnb
database/pesma (1357).wav,rnb
database/pesma (1358).wav,rnb
database/pesma (1359).wav,rnb
database/pesma (1360).wav,rnb
database/pesma (1361).wav,rnb
database/pesma (1362).wav,rnb
database/pesma (1363).wav,rnb
database/pesma (1364).wav,rnb
database/pesma (1365).wav,rnb
database/pesma (1366).wav,rnb
database/pesma (1367).wav,rnb
database/pesma (1368).wav,rnb
database/pesma (1369).wav,rnb
database/pesma (1370).wav,rnb
database/pesma (1371).wav,rnb
database/pesma (1372).wav,rnb
database/pesma (1373).wav,rnb
database/pesma (1374).wav,rnb
database/pesma (1375).wav,rnb
database/pesma (1376).wav,rnb
database/pesma (1377).wav,rnb
database/pesma (1378).wav,rnb
database/pesma (1379).wav,rnb
database/pesma (1380).wav,rnb
database/pesma (1381).wav,rnb
database/pesma (1382).wav,rnb
database/pesma (1383).wav,rnb
database/pesma (1384).wav,rnb
database/pesma (1385).wav,rnb
database/pesma (1386).wav,rnb
database/pesma (1387).wav,rnb
database/pesma (1388).wav,rnb
database/pesma (1389).wav,rnb
database/pesma (1390).wav,rnb
database/pesma (1391).wav,rnb
database/pesma (1392).wav,rnb
database/pesma (1393).wav,rnb
database/pesma (1394).wav,rnb
database/pesma (1395).wav,rnb
database/pesma (1396).wav,rnb
database/pesma (1397).wav,rnb
database/pesma (1398).wav,rnb
database/pesma (1399).wav,rnb
database/pesma (1400).wav,rnb
database/pesma (1401).wav,rnb
database/pesma (1402).wav,rnb
database/pesma (1403).wav,rnb
database/pesma (1404).wav,rnb
database/pesma (1405).wav,rnb
database/pesma (1406).wav,rnb
database/pesma (1407).wav,rnb
database/pesma (1408).wav,rnb
database/pesma (1409).wav,rnb
database/pesma (1410).wav,rnb
database/pesma (1411).wav,rnb
database/pesma (1412).wav,rnb
database/pesma (1413).wav,rnb
database/pesma (1414).wav,rnb
database/pesma (1415).wav,rnb
database/pesma (1416).wav,rnb
database/pesma (1417).wav,rnb
database/pesma (1418).wav,rnb
database/pesma (1419).wav,rnb
database/pesma (1420).wav,rnb
database/pesma (1421).wav,rnb
database/pesma (1422).wav,rnb
database/pesma (1423).wav,rnb
database/pesma (1424).wav,rnb
database/pesma (1425).wav,rnb
database/pesma (1426).wav,rnb
database/pesma (1427).wav,rnb
database/pesma (1428).wav,rnb
database/pesma (1429).wav,rnb
database/pesma (1430).wav,rnb
database/pesma (1431).wav,rnb
database/pesma (1432).wav,rnb
database/pesma (1433).wav,rnb
database/pesma (1434).wav,rnb
database/pesma (1435).wav,rnb
database/pesma (1436).wav,rnb
database/pesma (1437).wav,rnb
database/pesma (1438).wav,rnb
database/pesma (1439).wav,rnb
database/pesma (1440).wav,rnb
database/pesma (1441).wav,rnb
database/pesma (1442).wav,rnb
database/pesma (1443).wav,rnb
database/pesma (1444).wav,rnb
database/pesma (1445).wav,rnb
database/pesma (1446).wav,rnb
database/pesma (1447).wav,rnb
database/pesma (1448).wav,rnb
database/pesma (1449).wav,rnb
database/pesma (1450).wav,rnb
database/pesma (1451).wav,rnb
database/pesma (1452).wav,rnb
database/pesma (1453).wav,rnb
database/pesma (1454).wav,rnb
database/pesma (1455).wav,rnb
database/pesma (1456).wav,rnb
database/pesma (1457).wav,rnb
database/pesma (1458).wav,rnb
database/pesma (1459).wav,rnb
database/pesma (1460).wav,rnb
database/pesma (1461).wav,rnb
database/pesma (1462).wav,rnb
database/pesma (1463).wav,rnb
database/pesma (1464).wav,rnb
database/pesma (1465).wav,rnb
database/pesma (1466).wav,rnb
database/pesma (1467).wav,rnb
database/pesma (1468).wav,rnb
database/pesma (1469).wav,rnb
database/pesma (1470).wav,rnb
database/pesma (1471).wav,rnb
database/pesma (1472).wav,rnb
database/pesma (1473).wav,rnb
database/pesma (1474).wav,rnb
database/pesma (1475).wav,rnb
database/pesma (1476).wav,rnb
database/pesma (1477).wav,rnb
database/pesma (1478).wav,rnb
database/pesma (1479).wav,rnb
database/pesma (1480).wav,rnb
database/pesma (1481).wav,rnb
database/pesma (1482).wav,rnb
database/pesma (1483).wav,rnb
database/pesma (1484).wav,rnb
database/pesma (1485).wav,rnb
database/pesma (1486).wav,rnb
database/pesma (1487).wav,rnb
database/pesma (1488).wav,rnb
database/pesma (1489).wav,rnb
database/pesma (1490).wav,rnb
database/pesma (1491).wav,rnb
database/pesma (1492).wav,rnb
database/pesma (1493).wav,rnb
database/pesma (1494).wav,rnb
database/pesma (1495).wav,rnb
database/pesma (1496).wav,rnb
database/pesma (1497).wav,rnb
database/pesma (1498).wav,rnb
database/pesma (1499).wav,rnb
database/pesma (1500).wav,rnb
database/pesma (1501).wav,rock
database/pesma (1502).wav,rock
database/pesma (1503).wav,rock
database/pesma (1504).wav,rock
database/pesma (1505).wav,rock
database/pesma (1506).wav,rock
database/pesma (1507).wav,rock
database/pesma (1508).wav,rock
database/pesma (1509).wav,rock
database/pesma (1510).wav,rock
database/pesma (1511).wav,rock
database/pesma (1512).wav,rock
database/pesma (1513).wav,rock
database/pesma (1514).wav,rock
database/pesma (1515).wav,rock
database/pesma (1516).wav,rock
database/pesma (1517).wav,rock
database/pesma (1518).wav,rock
database/pesma (1519).wav,rock
database/pesma (1520).wav,rock
database/pesma (1521).wav,rock
database/pesma (1522).wav,rock
database/pesma (1523).wav,rock
database/pesma (1524).wav,rock
database/pesma (1525).wav,rock
database/pesma (1526).wav,rock
database/pesma (1527).wav,rock
database/pesma (1528).wav,rock
database/pesma (1529).wav,rock
database/pesma (1530).wav,rock
database/pesma (1531).wav,rock
database/pesma (1532).wav,rock
database/pesma (1533).wav,rock
database/pesma (1534).wav,rock
database/pesma (1535).wav,rock
database/pesma (1536).wav,rock
database/pesma (1537).wav,rock
database/pesma (1538).wav,rock
database/pesma (1539).wav,rock
database/pesma (1540).wav,rock
database/pesma (1541).wav,rock
database/pesma (1542).wav,rock
database/pesma (1543).wav,rock
database/pesma (1544).wav,rock
database/pesma (1545).wav,rock
database/pesma (1546).wav,rock
database/pesma (1547).wav,rock
database/pesma (1548).wav,rock
database/pesma (1549).wav,rock
database/pesma (1550).wav,rock
database/pesma (1551).wav,rock
database/pesma (1552).wav,rock
database/pesma (1553).wav,rock
database/pesma (1554).wav,rock
database/pesma (1555).wav,rock
database/pesma (1556).wav,rock
database/pesma (1557).wav,rock
database/pesma (1558).wav,rock
database/pesma (1559).wav,rock
database/pesma (1560).wav,rock
database/pesma (1561).wav,rock
database/pesma (1562).wav,rock
database/pesma (1563).wav,rock
database/pesma (1564).wav,rock
database/pesma (1565).wav,rock
database/pesma (1566).wav,rock
database/pesma (1567).wav,rock
database/pesma (1568).wav,rock
database/pesma (1569).wav,rock
database/pesma (1570).wav,rock
database/pesma (1571).wav,rock
database/pesma (1572).wav,rock
database/pesma (1573).wav,rock
database/pesma (1574).wav,rock
database/pesma (1575).wav,rock
database/pesma (1576).wav,rock
database/pesma (1577).wav,rock
database/pesma (1578).wav,rock
database/pesma (1579).wav,rock
database/pesma (1580).wav,rock
database/pesma (1581).wav,rock
database/pesma (1582).wav,rock
database/pesma (1583).wav,rock
database/pesma (1584).wav,rock
database/pesma (1585).wav,rock
database/pesma (1586).wav,rock
database/pesma (1587).wav,rock
database/pesma (1588).wav,rock
database/pesma (1589).wav,rock
database/pesma (1590).wav,rock
database/pesma (1591).wav,rock
database/pesma (1592).wav,rock
database/pesma (1593).wav,rock
database/pesma (1594).wav,rock
database/pesma (1595).wav,rock
database/pesma (1596).wav,rock
database/pesma (1597).wav,rock
database/pesma (1598).wav,rock
database/pesma (1599).wav,rock
database/pesma (1600).wav,rock
database/pesma (1601).wav,rock
database/pesma (1602).wav,rock
database/pesma (1603).wav,rock
database/pesma (1604).wav,rock
database/pesma (1605).wav,rock
database/pesma (1606).wav,rock
database/pesma (1607).wav,rock
database/pesma (1608).wav,rock
database/pesma (1609).wav,rock
database/pesma (1610).wav,rock
database/pesma (1611).wav,rock
database/pesma (1612).wav,rock
database/pesma (1613).wav,rock
database/pesma (1614).wav,rock
database/pesma (1615).wav,rock
database/pesma (1616).wav,rock
database/pesma (1617).wav,rock
database/pesma (1618).wav,rock
database/pesma (1619).wav,rock
database/pesma (1620).wav,rock
database/pesma (1621).wav,rock
database/pesma (1622).wav,rock
database/pesma (1623).wav,rock
database/pesma (1624).wav,rock
database/pesma (1625).wav,rock
database/pesma (1626).wav,rock
database/pesma (1627).wav,rock
database/pesma (1628).wav,rock
database/pesma (1629).wav,rock
database/pesma (1630).wav,rock
database/pesma (1631).wav,rock
database/pesma (1632).wav,rock
database/pesma (1633).wav,rock
database/pesma (1634).wav,rock
database/pesma (1635).wav,rock
database/pesma (1636).wav,rock
database/pesma (1637).wav,rock
database/pesma (1638).wav,rock
database/pesma (1639).wav,rock
database/pesma (1640).wav,rock
database/pesma (1641).wav,rock
database/pesma (1642).wav,rock
database/pesma (1643).wav,rock
database/pesma (1644).wav,rock
database/pesma (1645).wav,rock
database/pesma (1646).wav,rock
database/pesma (1647).wav,rock
database/pesma (1648).wav,rock
database/pesma (1649).wav,rock
database/pesma (1650).wav,rock
database/pesma (1651).wav,rock
database/pesma (1652).wav,rock
database/pesma (1653).wav,rock
database/pesma (1654).wav,rock
database/pesma (1655).wav,rock
database/pesma (1656).wav,rock
database/pesma (1657).wav,rock
database/pesma (1658).wav,rock
database/pesma (1659).wav,rock
database/pesma (1660).wav,rock
database/pesma (1661).wav,rock
database/pesma (1662).wav,rock
database/pesma (1663).wav,rock
database/pesma (1664).wav,rock
database/pesma (1665).wav,rock
database/pesma (1666).wav,rock
database/pesma (1667).wav,rock
database/pesma (1668).wav,rock
database/pesma (1669).wav,rock
database/pesma (1670).wav,rock
database/pesma (1671).wav,rock
database/pesma (1672).wav,rock
database/pesma (1673).wav,rock
database/pesma (1674).wav,rock
database/pesma (1675).wav,rock
database/pesma (1676).wav,rock
database/pesma (1677).wav,rock
database/pesma (1678).wav,rock
database/pesma (1679).wav,rock
database/pesma (1680).wav,rock
database/pesma (1681).wav,rock
database/pesma (1682).wav,rock
database/pesma (1683).wav,rock
database/pesma (1684).wav,rock
database/pesma (1685).wav,rock
database/pesma (1686).wav,rock
database/pesma (1687).wav,rock
database/pesma (1688).wav,rock
database/pesma (1689).wav,rock
database/pesma (1690).wav,rock
database/pesma (1691).wav,rock
database/pesma (1692).wav,rock
database/pesma (1693).wav,rock
database/pesma (1694).wav,rock
database/pesma (1695).wav,rock
database/pesma (1696).wav,rock
database/pesma (1697).wav,rock
database/pesma (1698).wav,rock
database/pesma (1699).wav,rock
database/pesma (1700).wav,rock
database/pesma (1701).wav,rock
database/pesma (1702).wav,rock
database/pesma (1703).wav,rock
database/pesma (1704).wav,rock
database/pesma (1705).wav,rock
database/pesma (1706).wav,rock
database/pesma (1707).wav,rock
database/pesma (1708).wav,rock
database/pesma (1709).wav,rock
database/pesma (1710).wav,rock
database/pesma (1711).wav,rock
database/pesma (1712).wav,rock
database/pesma (1713).wav,rock
database/pesma (1714).wav,rock
database/pesma (1715).wav,rock
database/pesma (1716).wav,rock
database/pesma (1717).wav,rock
database/pesma (1718).wav,rock
database/pesma (1719).wav,rock
database/pesma (1720).wav,rock
database/pesma (1721).wav,rock
database/pesma (1722).wav,rock
database/pesma (1723).wav,rock
database/pesma (1724).wav,rock
database/pesma (1725).wav,rock
database/pesma (1726).wav,rock
database/pesma (1727).wav,rock
database/pesma (1728).wav,rock
database/pesma (1729).wav,rock
database/pesma (1730).wav,rock
database/pesma (1731).wav,rock
database/pesma (1732).wav,rock
database/pesma (1733).wav,rock
database/pesma (1734).wav,rock
database/pesma (1735).wav,rock
database/pesma (1736).wav,rock
database/pesma (1737).wav,rock
database/pesma (1738).wav,rock
database/pesma (1739).wav,rock
database/pesma (1740).wav,rock
database/pesma (1741).wav,rock
database/pesma (1742).wav,rock
database/pesma (1743).wav,rock
database/pesma (1744).wav,rock
database/pesma (1745).wav,rock
database/pesma (1746).wav,rock
database/pesma (1747).wav,rock
database/pesma (1748).wav,rock
database/pesma (1749).wav,rock
database/pesma (1750).wav,rock
database/pesma (1751).wav,rock
database/pesma (1752).wav,rock
database/pesma (1753).wav,rock
database/pesma (1754).wav,rock
database/pesma (1755).wav,rock
database/pesma (1756).wav,rock
database/pesma (1757).wav,rock
database/pesma (1758).wav,rock
database/pesma (1759).wav,rock
database/pesma (1760).wav,rock
database/pesma (1761).wav,rock
database/pesma (1762).wav,rock
database/pesma (1763).wav,rock
database/pesma (1764).wav,rock
database/pesma (1765).wav,rock
database/pesma (1766).wav,rock
database/pesma (1767).wav,rock
database/pesma (1768).wav,rock
database/pesma (1769).wav,rock
database/pesma (1770).wav,rock
database/pesma (1771).wav,rock
database/pesma (1772).wav,rock
database/pesma (1773).wav,rock
database/pesma (1774).wav,rock
database/pesma (1775).wav,rock
database/pesma (1776).wav,rock
database/pesma (1777).wav,rock
database/pesma (1778).wav,rock
database/pesma (1779).wav,rock
database/pesma (1780).wav,rock
database/pesma (1781).wav,rock
database/pesma (1782).wav,rock
database/pesma (1783).wav,rock
database/pesma (1784).wav,rock
database/pesma (1785).wav,rock
database/pesma (1786).wav,rock
database/pesma (1787).wav,rock
database/pesma (1788).wav,rock
database/pesma (1789).wav,rock
database/pesma (1790).wav,rock
database/pesma (1791).wav,rock
database/pesma (1792).wav,rock
database/pesma (1793).wav,rock
database/pesma (1794).wav,rock
database/pesma (1795).wav,rock
database/pesma (1796).wav,rock
database/pesma (1797).wav,rock
database/pesma (1798).wav,rock
database/pesma (1799).wav,rock
database/pesma (1800).wav,rock
